{
  "comparison": {
    "10x10": {
      "current_block_size": 1107453,
      "current_canonical_blocks": 1,
      "current_compute_s": 5.098314,
      "current_cost_avg": 83685,
      "current_cost_sum": 836850,
      "current_finalized": true,
      "current_first_deploy_to_added_s": 33.158491,
      "current_first_deploy_to_finality_s": 52.747672,
      "current_propose_total_s": 5.826,
      "current_submit_span_s": 1.911,
      "previous": {
        "included": false,
        "note": "pre-restart blocks failed with NeglectedInvalidBlock; compute ~2.6-3.6s, propose ~8.0-8.7s"
      }
    },
    "10x25": {
      "block_size_delta": -1714101,
      "block_size_ratio": 0.42675409099224226,
      "compute_s_delta": -19.089697,
      "compute_s_ratio": 0.24350498698225387,
      "cost_avg_delta": -1600995,
      "cost_avg_ratio": 0.0788556140502287,
      "cost_sum_delta": -16009950,
      "cost_sum_ratio": 0.0788556140502287,
      "current_block_size": 1276066,
      "current_canonical_blocks": 1,
      "current_compute_s": 6.144702,
      "current_cost_avg": 137055,
      "current_cost_sum": 1370550,
      "current_finalized": true,
      "current_first_deploy_to_added_s": 52.825635,
      "current_first_deploy_to_finality_s": 68.318159,
      "current_propose_total_s": 6.944,
      "current_submit_span_s": 1.614389,
      "first_deploy_to_added_s_delta": 19.141635,
      "first_deploy_to_added_s_ratio": 1.5682708407552548,
      "first_deploy_to_finality_s_delta": -88.447841,
      "first_deploy_to_finality_s_ratio": 0.43579704145031445,
      "previous": {
        "added_to_finality_s": 123.082,
        "block_size": 2990167,
        "compute_s": 25.234399,
        "cost_avg": 1738050,
        "cost_sum": 17380500,
        "events": 250,
        "finalized": true,
        "first_deploy_to_added_s": 33.684,
        "first_deploy_to_finality_s": 156.766,
        "included": true,
        "propose_total_s": 32.212,
        "submit_span_s": 1.26
      },
      "propose_total_s_delta": -25.268000000000004,
      "propose_total_s_ratio": 0.21557183658263998,
      "submit_span_s_delta": 0.35438900000000007,
      "submit_span_s_ratio": 1.2812611111111112
    },
    "10x50": {
      "block_size_delta": -3507099,
      "block_size_ratio": 0.2916973397290834,
      "cost_avg_delta": -4800532.5,
      "cost_avg_ratio": 0.044958562265027424,
      "cost_sum_delta": -48005325,
      "cost_sum_ratio": 0.044958562265027424,
      "current_block_size": 1444314,
      "current_canonical_blocks": 2,
      "current_compute_s": null,
      "current_cost_avg": 225985,
      "current_cost_sum": 2259850,
      "current_finalized": true,
      "current_first_deploy_to_added_s": 11.445296,
      "current_first_deploy_to_finality_s": 49.189927,
      "current_propose_total_s": null,
      "current_submit_span_s": 3.889698,
      "first_deploy_to_added_s_delta": -70.796704,
      "first_deploy_to_added_s_ratio": 0.1391660708640354,
      "previous": {
        "block_size": 4951413,
        "compute_s": 63.742042,
        "cost_avg": 5026517.5,
        "cost_sum": 50265175,
        "events": 500,
        "finalized": false,
        "first_deploy_to_added_s": 82.242,
        "included": true,
        "not_finalized_after_s": 6720,
        "propose_total_s": 80.484,
        "submit_span_s": 1.541
      },
      "submit_span_s_delta": 2.348698,
      "submit_span_s_ratio": 2.524138870863076
    }
  },
  "results": {
    "10x10": {
      "all_finalized": true,
      "all_hits": [
        {
          "batch_ids": [
            0,
            1,
            2,
            3,
            4,
            5,
            6,
            7,
            8,
            9
          ],
          "block_size": 1107084,
          "cost_sum": 836850,
          "errors": 0,
          "finalized": false,
          "hash": "57292e93930d0e31c40a37895129ac65237eb6b607f3094677d1de2c5342a3bc",
          "number": 192
        },
        {
          "batch_ids": [
            0,
            1,
            2,
            3,
            4,
            5,
            6,
            7,
            8,
            9
          ],
          "block_size": 1107453,
          "cost_sum": 836850,
          "errors": 0,
          "finalized": true,
          "hash": "5e491df6ff20e9e8a4a303de0105754e65b027ba4640a43ec080bf754955606d",
          "number": 195
        }
      ],
      "canonical_added_to_finality_s": 19.589181,
      "canonical_block_count": 1,
      "canonical_compute_s": 5.098314,
      "canonical_logs": [
        {
          "compute_finish_iso": "2026-07-13T11:04:54.589109Z",
          "compute_s": 5.098314,
          "compute_start_iso": "2026-07-13T11:04:49.490795Z",
          "finality_log_iso": "2026-07-13T11:05:14.863672Z",
          "finality_log_observed_deploys": 0,
          "finish_iso": "2026-07-13T11:04:55.274491Z",
          "found": true,
          "propose_core_s": 5.816,
          "propose_start_iso": "2026-07-13T11:04:49.430713Z",
          "propose_start_to_finish_s": 5.843778,
          "propose_total_s": 5.826,
          "snapshot_s": 0.004,
          "timing_iso": "2026-07-13T11:04:55.257580Z"
        }
      ],
      "canonical_propose_total_s": 5.826,
      "cost_avg": 83685,
      "cost_max": 83685,
      "cost_min": 83685,
      "deploys_submitted": null,
      "errored_true_count": 0,
      "events": 100,
      "finalized_blocks": [
        {
          "batch_ids": [
            0,
            1,
            2,
            3,
            4,
            5,
            6,
            7,
            8,
            9
          ],
          "hash": "5e491df6ff20e9e8a4a303de0105754e65b027ba4640a43ec080bf754955606d",
          "number": 195
        }
      ],
      "first_block_log": {
        "compute_finish_iso": "2026-07-13T11:04:29.040110Z",
        "compute_s": 4.943456,
        "compute_start_iso": "2026-07-13T11:04:24.096654Z",
        "finish_iso": "2026-07-13T11:04:29.710541Z",
        "found": true,
        "propose_core_s": 5.703,
        "propose_start_iso": "2026-07-13T11:04:23.969704Z",
        "propose_start_to_finish_s": 5.740837,
        "propose_total_s": 5.716,
        "snapshot_s": 0.003,
        "timing_iso": "2026-07-13T11:04:29.686529Z"
      },
      "first_deploy_to_canonical_added_s": 33.158491,
      "first_deploy_to_finality_s": 52.747672,
      "first_deploy_to_first_added_s": 7.594541,
      "first_inclusion": {
        "finalized": false,
        "hash": "57292e93930d0e31c40a37895129ac65237eb6b607f3094677d1de2c5342a3bc",
        "number": 192
      },
      "label": "10x10",
      "manual_propose": null,
      "run_id": "rspace-scale-10x10-20260713T110421Z",
      "submit_elapsed_sum_s": null,
      "submit_span_s": 1.911,
      "total_block_size": 1107453,
      "total_cost_sum": 836850,
      "total_term_bytes": 90330,
      "valid_after": 190
    },
    "10x25": {
      "all_finalized": true,
      "all_hits": [
        {
          "batch_ids": [
            0,
            1,
            2,
            3,
            4,
            5,
            6,
            7,
            8,
            9
          ],
          "block_size": 1228342,
          "cost_sum": 1370550,
          "errors": 0,
          "finalized": false,
          "hash": "4c6132aada1420c38a1e4c0ba4770c5053e503750b7a238175210fd48ef1d34f",
          "number": 243
        },
        {
          "batch_ids": [
            0,
            1,
            2,
            3,
            4,
            5,
            6,
            7,
            8,
            9
          ],
          "block_size": 1228045,
          "cost_sum": 1370550,
          "errors": 0,
          "finalized": false,
          "hash": "3755be7e2052d5b3aeaaaa9b0e226f2bfa973bd039f7f0e9c4411108ced60496",